model,cv mse,std mse,cv mae,std mae
flow,806991813.2828897,25198515836.8005,2068.3387371436056,28332.20408212748
euclidean,811171961.5990329,25213688294.823864,2806.3858813949187,28342.479776542845
